{
  "IsEncrypted": false,
  "Values": {
    "FUNCTIONS_WORKER_RUNTIME": "python",
    "FUNCTIONS_EXTENSION_VERSION": "~4",
    "CosmosDbConnectionString": "AccountEndpoint=https://zachchismprod-cosmos-db.documents.azure.com:443/;AccountKey=4dnS1fwonDugXGEkVNnZsxfUhlIuoHgwjduuUYCI12az0FeRBDOn9SjRZZzBeA0xTrrvgXSSmUySACDbZLoblg==;",
    "CosmosDBConnection": "AccountEndpoint=https://zachchismprod-cosmos-db.documents.azure.com:443/;AccountKey=4dnS1fwonDugXGEkVNnZsxfUhlIuoHgwjduuUYCI12az0FeRBDOn9SjRZZzBeA0xTrrvgXSSmUySACDbZLoblg==;",
    "AzureWebJobsStorage": "DefaultEndpointsProtocol=https;AccountName=zachchismprodstorage;AccountKey=L3KVYQiw+942d0W5shAcM0blF+AKBYiGLHE6OwWlhuyWqRcbLdQMi7OpPrwCpU7vGrYr//WoaLQu+AStTCdp4g==;EndpointSuffix=core.windows.net"
  }
}